2outh2id3 ,Rays
5uw,Rays
ArkconusX,Pandora
AuxBEAST ,Rays
b13 ,Rays
BICEPSTRETCHER ,Rays
BlazeTBL ,Rays
Buscrafter ,Rays
CanadianCrafter_,Rays
cattt ,Rays
CharlotteIzoard,AimwareUser
ChrochYT,impact
clashofclans17,texture pack
Cloudiness ,Rays
comando_bg,Rays
Conceits ,Rays
creeperboy723237 ,Rays
Delta1992,uses metro 6.0
DissTracks ,Rays
Dracksidian ,Rays
DragonTime86,Rays
DreadKracz ,Rays
EchoXChaos ,Rays
Flux ,Rays
Gimq ,Rays
glasspack ,Rays
GR1PPY,Rays
H_AT ,Rays
Ibenchthebar,Rays
Idy ,Rays
IeatNails ,Rays
Ikey_,Rays
ImaKyutii,Rays
ImNowHerEboy,Impact
ImNowHisEgirl,Impact
ImT0doroki,Rays
imthewhitecanary,Rays
Inessocros,Rays
JamieAubrey1,impact
KenKaneki123 ,Rays
Killrchicken,Rays
STR_Kowrd, wurst
Ledwig ,Rays
LegendaryBagel ,Rays
legomango ,Rays
LifeIsAbyss,Rays
LilUziWrld ,Rays
LoveHerMore,Rays
Munchlax98 ,Rays
Nate4636,impact
Nayess,impact
NeoSociety ,Rays
Netherhobbit,Rays
Netherhobbit,Rays
NFLMC ,Rays
Nicho246 ,Rays
nikjg2143 ,Rays
NinjaXWaffles97 ,Rays
ohyea ,Rays
PleaseHang,Pandora
Pleasetrynow,Rays
pleasetrynow ,impact
PointlessLife ,Rays
random_joe_stuf,Rays
RateMyName,Rays
Rbinaei ,Rays
Scrod,Rays
Shadowtuzi ,Rays
SirStefan ,Rays
skeet ,Rays
sqoulo99,Rays
STR_,Rays
TheMTC_Koala,impact
unproven ,Rays
wheathans,Rays
wolfram ,Rays
Yarrick01,Rays
Zaqqr ,Rays
